order,time_s,gflops
ijk,0.710236,2.824423
ikj,0.398818,5.029883
jik,2.512722,0.798340
jki,2.400262,0.835745
kij,0.526375,3.810983
kji,0.540588,3.710785
